{
  "hash": "178d7561",
  "configHash": "5354bf3e",
  "lockfileHash": "3bcedb03",
  "browserHash": "8f60c2c9",
  "optimized": {
    "@angular/core": {
      "src": "../../../../../../node_modules/@angular/core/fesm2022/core.mjs",
      "file": "@angular_core.js",
      "fileHash": "4095c51e",
      "needsInterop": false
    },
    "@angular/platform-browser": {
      "src": "../../../../../../node_modules/@angular/platform-browser/fesm2022/platform-browser.mjs",
      "file": "@angular_platform-browser.js",
      "fileHash": "8418735c",
      "needsInterop": false
    },
    "@angular/router": {
      "src": "../../../../../../node_modules/@angular/router/fesm2022/router.mjs",
      "file": "@angular_router.js",
      "fileHash": "4974bb7e",
      "needsInterop": false
    },
    "zone.js": {
      "src": "../../../../../../node_modules/zone.js/fesm2015/zone.js",
      "file": "zone__js.js",
      "fileHash": "4f04fbfe",
      "needsInterop": true
    }
  },
  "chunks": {
    "chunk-PCHUQFJ3": {
      "file": "chunk-PCHUQFJ3.js"
    },
    "chunk-BERTXOXC": {
      "file": "chunk-BERTXOXC.js"
    },
    "chunk-WDMUDEB6": {
      "file": "chunk-WDMUDEB6.js"
    }
  }
}